host_unix_time_s,elapsed_s,battery_pct,yaw_deg,pitch_deg,roll_deg,wheel_1_rpm,wheel_2_rpm,wheel_3_rpm,wheel_4_rpm
1790201449.101859,0.036189,,,,,,,,
1790201449.280545,0.214873,,,,,,,,
1790201449.280602,0.214934,,,,,,,,
1790201449.366076,0.300406,39,-11.38,-0.49,-0.79,1,0,-3,1
1790201449.466136,0.400436,39,-11.38,-0.49,-0.79,-2,-1,-2,-5
1790201449.566078,0.500408,39,-11.38,-0.49,-0.79,-1,2,0,4
1790201449.666101,0.600429,39,-11.38,-0.49,-0.79,0,-3,0,8
1790201449.766083,0.700412,39,-11.38,-0.49,-0.79,0,1,-2,-1
1790201449.866099,0.800428,39,-11.38,-0.49,-0.79,-4,-1,1,-4
1790201449.966105,0.900434,39,-11.39,-0.49,-0.79,1,-1,0,-3
1790201450.066116,1.000444,39,-11.39,-0.49,-0.79,1,0,4,2
1790201450.166126,1.100453,39,-11.39,-0.49,-0.79,-4,-4,-4,-1
1790201450.266123,1.200451,39,-11.39,-0.49,-0.79,-11,1,2,-4
1790201450.366347,1.300674,39,-11.38,-0.49,-0.79,-1,2,3,-3
1790201450.466173,1.400499,39,-11.38,-0.49,-0.79,-6,1,5,3
1790201450.566099,1.500428,39,-11.38,-0.49,-0.79,0,0,1,-1
1790201450.666317,1.600642,39,-11.38,-0.49,-0.79,2,-4,-3,-2
1790201450.766099,1.700428,39,-11.38,-0.49,-0.79,-2,3,-3,-1
1790201450.866116,1.800443,39,-11.39,-0.49,-0.79,2,1,-2,-5
1790201450.966183,1.900510,39,-11.38,-0.49,-0.79,-1,0,4,-2
1790201451.066192,2.000521,39,-11.39,-0.49,-0.79,-3,0,2,4
1790201451.166121,2.100448,39,-11.39,-0.49,-0.79,0,0,-2,-1
1790201451.266214,2.200540,39,-11.38,-0.49,-0.79,-6,-4,2,-2
1790201451.366140,2.300467,39,-11.38,-0.49,-0.79,1,-6,1,-4
1790201451.466154,2.400481,39,-11.38,-0.49,-0.79,-2,0,-1,0
1790201451.566165,2.500493,39,-11.39,-0.49,-0.79,3,1,-5,2
1790201451.666207,2.600532,39,-11.46,-0.41,-0.78,38,-23,-28,26
1790201451.766175,2.700500,39,-11.64,-0.3,-0.7,86,-74,-67,87
1790201451.866181,2.800505,39,-11.67,-0.34,-0.71,89,-84,-70,90
1790201451.966136,2.900464,39,-11.61,-0.38,-0.78,56,-48,-62,52
1790201452.066706,3.001034,39,-11.65,-0.35,-0.79,34,-36,-40,36
1790201452.167999,3.102327,39,-11.64,-0.28,-0.77,47,-53,-55,48
1790201452.266609,3.200937,39,-11.68,-0.31,-0.81,65,-69,-73,69
1790201452.366216,3.300544,39,-11.67,-0.35,-0.83,63,-62,-65,59
1790201452.466149,3.400476,39,-11.72,-0.4,-0.71,54,-68,-57,50
1790201452.566138,3.500465,39,-11.68,-0.37,-0.78,45,-45,-50,48
1790201452.666145,3.600471,39,-11.66,-0.29,-0.82,62,-53,-52,54
1790201452.766182,3.700510,39,-11.61,-0.37,-0.81,65,-59,-61,67
1790201452.866134,3.800461,39,-11.7,-0.4,-0.81,64,-56,-66,68
1790201452.966125,3.900453,39,-11.7,-0.39,-0.87,49,-50,-57,52
1790201453.066076,4.000405,39,-11.86,-0.56,-0.71,24,-23,-21,26
1790201453.166106,4.100434,39,-11.94,-0.44,-0.75,2,6,1,6
1790201453.266126,4.200455,39,-11.92,-0.47,-0.75,-7,-6,1,-3
1790201453.366088,4.300417,39,-11.89,-0.55,-0.82,-33,29,50,-58
1790201453.466096,4.400424,39,-11.8,-0.5,-0.86,-82,79,65,-85
1790201453.566104,4.500433,39,-11.76,-0.35,-0.83,-67,74,69,-89
1790201453.666133,4.600462,39,-11.76,-0.33,-0.77,-46,50,52,-56
1790201453.766075,4.700404,39,-11.79,-0.48,-0.81,-37,43,39,-40
1790201453.866102,4.800429,39,-11.8,-0.54,-0.78,-47,51,48,-51
1790201453.966101,4.900431,39,-11.82,-0.43,-0.88,-68,59,75,-71
1790201454.066105,5.000432,39,-11.78,-0.38,-0.82,-67,68,60,-67
1790201454.166087,5.100416,39,-11.81,-0.43,-0.87,-47,57,46,-60
1790201454.267756,5.202083,39,-12.02,-0.36,-0.8,-47,57,46,-60
1790201454.368939,5.303266,39,-12.2,-0.38,-0.72,0,53,-1,-39
1790201454.466728,5.401057,39,-12.03,-0.5,-0.81,70,50,-62,-61
1790201454.566767,5.501097,39,-12.04,-0.5,-0.85,68,47,-68,-63
1790201454.666816,5.601144,39,-11.94,-0.49,-0.87,61,58,-57,-65
1790201454.766101,5.700429,39,-11.91,-0.51,-0.9,49,49,-54,-68
1790201454.866238,5.800566,39,-11.92,-0.56,-0.9,49,49,-54,-68
1790201454.966077,5.900407,39,-11.92,-0.56,-0.9,65,60,-54,-58
1790201455.066102,6.000428,39,-11.96,-0.56,-0.89,56,62,-57,-62
1790201455.166103,6.100432,39,-11.94,-0.62,-0.91,48,50,-54,-67
1790201455.266099,6.200427,39,-11.95,-0.73,-0.89,54,54,-61,-51
1790201455.366112,6.300440,39,-11.96,-0.72,-0.88,51,72,-54,-64
1790201455.466101,6.400429,39,-11.98,-0.73,-1.0,51,42,-47,-63
1790201455.566222,6.500550,39,-11.75,-0.74,-0.99,30,36,-31,-30
1790201455.666115,6.600443,39,-11.29,-0.77,-1.0,-26,-19,28,39
1790201455.766074,6.700404,39,-11.36,-0.66,-0.87,-78,-56,125,62
1790201455.866231,6.800558,39,-11.67,-0.63,-0.89,-67,-78,85,55
1790201455.966090,6.900420,39,-11.74,-0.65,-0.9,-43,-63,60,55
1790201456.066134,7.000461,39,-11.83,-0.63,-1.02,-46,-60,46,58
1790201456.166114,7.100443,39,-11.9,-0.64,-1.03,-59,-53,63,57
1790201456.266119,7.200446,39,-11.88,-0.64,-1.01,-57,-67,63,61
1790201456.366156,7.300484,39,-11.89,-0.61,-0.95,-54,-69,55,59
1790201456.466116,7.400445,39,-11.93,-0.57,-0.96,-53,-49,60,55
1790201456.566114,7.500442,39,-11.87,-0.54,-0.93,-63,-60,62,52
1790201456.666137,7.600464,39,-11.89,-0.41,-0.88,-39,-70,44,70
1790201456.766130,7.700458,39,-11.9,-0.45,-0.89,13,-97,-4,102
1790201456.866139,7.800466,39,-12.06,-0.52,-0.93,58,-76,-51,73
1790201456.967876,7.902205,39,-12.03,-0.55,-1.0,57,-42,-55,44
1790201457.066111,8.000439,39,-12.03,-0.53,-0.98,42,-48,-42,45
1790201457.166088,8.100417,39,-12.01,-0.45,-0.96,53,-52,-56,48
1790201457.266084,8.200414,39,-11.99,-0.53,-0.93,53,-64,-58,62
1790201457.366122,8.300452,39,-11.93,-0.73,-0.97,10,-24,-24,13
1790201457.466159,8.400485,39,-11.86,-0.64,-0.96,-11,8,7,-13
1790201457.566137,8.500465,39,-11.94,-0.75,-0.96,-60,62,66,-73
1790201457.666144,8.600470,39,-12.14,-0.69,-0.9,-79,61,71,-91
1790201457.766135,8.700462,39,-12.09,-0.53,-1.02,-74,75,73,-67
1790201457.866144,8.800471,39,-12.02,-0.49,-0.99,-42,45,44,-48
1790201457.966142,8.900470,39,-11.94,-0.61,-0.97,-31,38,43,-49
1790201458.066176,9.000502,39,-11.98,-0.61,-1.0,-66,62,63,-46
1790201458.166106,9.100435,39,-12.03,-0.6,-0.98,-69,63,63,-71
1790201458.266148,9.200475,39,-12.04,-0.5,-1.03,-23,30,33,-40
1790201458.366127,9.300455,39,-11.92,-0.6,-1.03,-2,4,3,-3
1790201458.466119,9.400446,39,-11.91,-0.63,-1.02,-4,-3,-1,2
1790201458.566094,9.500423,39,-11.91,-0.65,-1.03,1,0,1,-1
1790201458.666116,9.600443,39,-11.9,-0.65,-1.03,-2,0,0,-3
1790201458.766102,9.700431,39,-11.9,-0.66,-1.04,-4,1,5,8
1790201458.866118,9.800446,39,-11.91,-0.64,-1.04,19,-7,-8,15
1790201458.966114,9.900442,39,-11.99,-0.47,-1.02,80,-72,-56,68
1790201459.066133,10.000459,39,-12.08,-0.53,-1.03,79,-79,-96,85
1790201459.166126,10.100454,39,-12.05,-0.67,-1.04,70,-70,-66,57
1790201459.266139,10.200466,39,-12.08,-0.73,-1.04,42,-42,-50,45
1790201459.366129,10.300456,39,-12.02,-0.6,-1.12,40,-35,-44,44
1790201459.466553,10.400881,39,-12.11,-0.52,-1.07,73,-59,-54,64
1790201459.567790,10.502116,39,-12.2,-0.78,-1.1,30,-67,-28,66
1790201459.666270,10.600597,39,-12.26,-0.76,-1.14,-86,-45,79,42
1790201459.767928,10.702256,39,-12.05,-0.71,-1.14,-69,-52,58,46
1790201459.866172,10.800497,39,-12.0,-0.67,-1.12,-65,-56,66,60
1790201459.966162,10.900488,39,-11.94,-0.71,-1.17,-63,-64,57,61
1790201460.066183,11.000510,39,-12.05,-0.81,-1.23,-51,-51,52,56
1790201460.166150,11.100478,39,-12.06,-0.77,-1.19,-49,-51,70,60
1790201460.266144,11.200468,39,-11.95,-0.73,-1.19,-62,-59,49,55
1790201460.366146,11.300473,39,-11.92,-0.62,-1.29,42,-49,-24,47
1790201460.466160,11.400486,39,-12.07,-0.67,-1.16,46,-65,-65,60
1790201460.566112,11.500439,39,-12.05,-0.73,-1.3,94,-72,-75,73
1790201460.666146,11.600472,39,-12.1,-0.87,-1.35,51,-61,-65,65
1790201460.766128,11.700456,39,-12.11,-0.78,-1.29,46,-46,-49,42
1790201460.866099,11.800429,39,-12.19,-0.95,-1.31,27,-31,-27,20
1790201460.966129,11.900457,39,-12.22,-0.91,-1.28,-4,16,1,-21
1790201461.066137,12.000463,39,-12.33,-0.78,-1.2,62,91,-71,-60
1790201461.166133,12.100461,39,-12.38,-0.71,-1.27,60,63,-48,-75
1790201461.266240,12.200568,39,-12.2,-0.78,-1.18,61,50,-76,-57
1790201461.366111,12.300439,39,-12.1,-0.77,-1.18,63,56,-70,-57
1790201461.466141,12.400467,39,-12.15,-0.79,-1.14,56,51,-61,-45
1790201461.566136,12.500464,39,-12.19,-0.81,-1.12,58,66,-58,-63
1790201461.666146,12.600472,39,-12.32,-0.8,-1.17,52,69,-76,-67
1790201461.766118,12.700446,39,-12.21,-0.69,-1.23,44,53,-56,-62
1790201461.866078,12.800408,39,-12.17,-0.72,-1.17,59,56,-54,-57
1790201461.966120,12.900442,39,-12.21,-0.75,-1.23,58,52,-59,-57
1790201462.068099,13.002423,39,-12.27,-0.78,-1.24,61,52,-64,-51
1790201462.166111,13.100440,39,-12.27,-0.69,-1.39,62,68,-51,-56
1790201462.266123,13.200449,39,-12.29,-0.72,-1.31,57,66,-69,-59
1790201462.366123,13.300451,39,-12.29,-0.76,-1.33,52,65,-73,-68
1790201462.466112,13.400439,39,-12.19,-0.7,-1.28,58,47,-51,-54
1790201462.566128,13.500456,39,-12.24,-0.77,-1.29,72,57,-59,-58
1790201462.666130,13.600457,39,-12.18,-0.75,-1.38,48,57,-61,-52
1790201462.766139,13.700466,39,-12.25,-0.75,-1.36,64,57,-60,-57
1790201462.866299,13.800627,39,-12.22,-0.69,-1.44,60,59,-55,-50
1790201462.966115,13.900443,39,-12.25,-0.66,-1.59,44,68,-68,-54
1790201463.066091,14.000420,39,-12.21,-0.61,-1.48,44,68,-68,-54
1790201463.166093,14.100422,39,-12.21,-0.61,-1.6,57,48,-52,-50
1790201463.266097,14.200426,39,-12.2,-0.69,-1.79,58,45,-55,-57
1790201463.366320,14.300650,39,-12.25,-0.77,-1.59,12,39,-16,-36
1790201463.466418,14.400746,39,-12.19,-0.77,-1.5,-53,41,63,-43
1790201463.566443,14.500771,39,-12.19,-0.77,-1.5,-97,78,86,-76
1790201463.666125,14.600453,39,-12.28,-0.73,-1.31,-89,61,85,-60
1790201463.766064,14.700394,39,-12.3,-0.88,-1.3,-54,51,57,-53
1790201463.866093,14.800421,39,-12.29,-1.09,-1.23,-47,39,41,-42
1790201463.966125,14.900453,39,-12.23,-1.16,-1.17,-59,51,53,-52
1790201464.066137,15.000465,39,-12.39,-1.06,-1.2,-74,59,68,-57
1790201464.166145,15.100472,39,-12.24,-1.1,-1.27,-63,56,59,-69
1790201464.266156,15.200484,39,-11.86,-1.08,-1.19,-63,7,62,42
1790201464.366145,15.300472,39,-12.34,-1.11,-1.14,-51,-72,54,49
1790201464.466115,15.400444,39,-11.99,-1.15,-1.08,-37,-51,72,77
1790201464.566134,15.500461,39,-11.94,-1.59,-0.46,-37,-54,40,72
1790201464.666100,15.600429,39,-12.1,-1.37,-0.73,-71,-68,53,67
1790201464.766119,15.700447,39,-12.24,-1.08,-1.16,-70,-72,56,68
1790201464.866151,15.800479,39,-12.24,-1.02,-1.21,-47,-43,62,46
1790201464.966103,15.900432,39,-12.34,-0.99,-1.3,-56,-53,54,64
1790201465.066090,16.000419,39,-12.36,-1.01,-1.37,-59,-64,51,66
1790201465.166105,16.100433,39,-12.27,-1.04,-1.37,-44,-53,66,46
1790201465.266090,16.200419,39,-12.25,-1.05,-1.27,-54,-57,60,62
1790201465.366125,16.300453,39,-12.4,-1.01,-1.29,-61,-68,47,57
1790201465.466161,16.400488,39,-12.39,-0.86,-1.25,-43,-39,52,41
1790201465.566144,16.500472,39,-12.4,-0.93,-1.01,-30,30,26,-32
1790201465.666147,16.600473,39,-12.7,-1.09,-1.22,-63,56,56,-72
1790201465.766127,16.700454,39,-12.64,-1.14,-1.13,-85,68,87,-71
1790201465.866354,16.800680,39,-12.55,-1.12,-1.29,-72,72,56,-74
1790201465.966109,16.900438,39,-12.48,-1.06,-1.31,-38,41,56,-42
1790201466.066139,17.000465,39,-12.43,-1.1,-1.25,-46,34,43,-40
1790201466.166142,17.100470,39,-12.51,-1.26,-1.37,-70,66,49,-62
1790201466.266812,17.201138,39,-12.44,-1.13,-1.54,-76,77,71,-73
1790201466.366484,17.300810,39,-12.42,-1.07,-1.54,-65,59,56,-61
1790201466.466146,17.400473,39,-12.49,-1.07,-1.62,-53,55,52,-51
1790201466.568237,17.502564,39,-12.47,-1.11,-1.61,-58,55,46,-56
1790201466.667319,17.601645,39,-12.43,-1.94,-2.91,-31,42,35,-41
1790201466.767027,17.701355,39,-12.31,-1.07,-1.52,-6,6,10,-8
1790201466.866143,17.800470,39,-12.52,-1.15,-1.56,20,-23,-18,20
1790201466.966197,17.900524,39,-12.25,-0.87,-1.54,67,-69,-40,45
1790201467.066137,18.000463,39,-12.43,-1.01,-1.65,87,-83,-78,77
1790201467.166127,18.100454,39,-12.43,-1.17,-1.62,75,-70,-73,60
1790201467.266137,18.200464,39,-12.47,-1.3,-1.59,44,-52,-52,50
1790201467.366144,18.300470,39,-12.5,-1.17,-1.57,43,-48,-43,41
1790201467.466169,18.400496,39,-12.52,-1.26,-1.47,58,-63,-54,55
1790201467.566147,18.500475,39,-12.55,-1.1,-1.36,73,-73,-81,67
1790201467.666156,18.600480,39,-12.56,-1.2,-1.4,65,-75,-73,62
1790201467.766136,18.700464,39,-12.51,-1.18,-1.32,50,-44,-60,50
1790201467.866182,18.800508,39,-12.52,-1.12,-1.27,46,-53,-60,56
1790201467.966173,18.900500,39,-12.49,-1.05,-1.37,51,-58,-58,46
1790201468.066215,19.000540,39,-12.58,-1.0,-1.3,54,-54,-53,61
1790201468.166729,19.101057,39,-12.59,-0.95,-1.35,55,-55,-59,60
1790201468.266117,19.200445,39,-12.55,-0.93,-1.43,70,-64,-63,56
1790201468.366068,19.300398,39,-12.51,-0.9,-1.46,49,-49,-51,52
1790201468.466104,19.400432,39,-12.53,-0.98,-1.49,58,-55,-55,61
1790201468.566315,19.500644,39,-12.55,-1.05,-1.41,62,-63,-61,55
1790201468.666313,19.600642,39,-12.58,-1.08,-1.46,62,-63,-61,55
1790201468.766124,19.700451,39,-12.56,-1.06,-1.43,54,-56,-58,52
1790201468.866386,19.800710,39,-12.6,-0.99,-1.51,52,-54,-54,57
1790201468.966152,19.900479,39,-12.56,-1.16,-1.53,68,-62,-56,53
1790201469.066386,20.000707,39,-12.58,-1.04,-1.53,32,-37,-28,35
1790201469.166152,20.100481,39,-12.6,-1.02,-1.53,-1,-4,-5,3
1790201469.268122,20.202449,39,-12.61,-1.09,-1.53,-3,-1,7,-2
1790201469.366927,20.301254,39,-12.75,-1.13,-1.55,-4,6,-1,-5
1790201469.466118,20.400446,39,-12.74,-1.18,-1.49,-54,51,70,-68
1790201469.567298,20.501627,39,-12.74,-1.18,-1.49,-86,75,84,-90
1790201469.667357,20.601686,39,-12.68,-0.99,-1.51,-79,70,79,-85
1790201469.766093,20.700422,39,-12.75,-1.08,-1.57,-57,45,47,-49
1790201469.866107,20.800435,39,-12.67,-1.09,-1.48,-39,42,38,-36
1790201469.966092,20.900421,39,-12.66,-1.12,-1.48,-50,59,57,-57
1790201470.066101,21.000428,39,-12.67,-1.02,-1.51,-55,69,61,-65
1790201470.166099,21.100428,39,-12.64,-0.99,-1.48,-42,56,61,-62
1790201470.266096,21.200424,39,-12.67,-1.08,-1.43,-54,53,47,-48
1790201470.366111,21.300440,39,-12.63,-1.19,-1.47,-63,51,67,-56
1790201470.466111,21.400440,39,-12.69,-1.32,-1.44,-68,50,59,-56
1790201470.566111,21.500439,39,-12.67,-1.32,-1.53,-64,58,59,-48
1790201470.666116,21.600444,39,-12.72,-1.26,-1.49,-48,63,49,-55
1790201470.766093,21.700422,39,-12.71,-1.33,-1.54,-65,49,54,-51
1790201470.866106,21.800435,39,-12.67,-1.28,-1.65,-35,37,40,-41
1790201470.966086,21.900415,39,-12.89,-1.18,-1.69,5,-19,-3,9
1790201471.066125,22.000451,39,-12.94,-1.28,-1.7,24,-26,-27,22
1790201471.166112,22.100441,39,-12.88,-1.4,-1.7,12,-10,-8,5
1790201471.266125,22.200452,39,-12.87,-1.39,-1.67,-1,-1,-4,-2
1790201471.366151,22.300479,39,-12.87,-1.39,-1.66,2,4,-1,-5
1790201471.466134,22.400462,39,-12.86,-1.4,-1.67,1,7,-2,0
1790201471.566139,22.500469,39,-12.85,-1.4,-1.67,2,18,3,2
1790201471.667484,22.601812,39,-12.85,-1.4,-1.67,-4,-3,0,-1
1790201471.766689,22.701019,39,-12.85,-1.4,-1.67,3,0,0,2
1790201471.866112,22.800440,39,-12.85,-1.4,-1.67,-4,2,-2,0
1790201471.966171,22.900499,39,-12.85,-1.4,-1.67,-3,-5,4,-5
1790201472.066121,23.000450,39,-12.85,-1.4,-1.67,4,2,2,-1
1790201472.166116,23.100445,39,-12.85,-1.4,-1.67,4,-1,-1,2
1790201472.266195,23.200521,39,-12.88,-1.28,-1.61,19,-17,-11,19
1790201472.366147,23.300473,39,-12.83,-1.24,-1.52,65,-67,-55,67
1790201472.466168,23.400494,39,-12.75,-1.38,-1.58,88,-87,-78,76
1790201472.566122,23.500450,39,-12.88,-1.4,-1.53,55,-75,-74,59
1790201472.666110,23.600440,39,-12.86,-1.33,-1.43,44,-42,-41,40
1790201472.766123,23.700451,39,-12.8,-1.12,-1.54,40,-47,-75,49
1790201472.866204,23.800529,39,-12.86,-1.06,-1.51,58,-55,-68,63
1790201472.966134,23.900462,39,-12.89,-1.08,-1.48,63,-73,-85,63
1790201473.066215,24.000544,39,-12.83,-1.14,-1.57,60,-59,-69,55
1790201473.166121,24.100448,39,-12.91,-1.18,-1.5,40,-43,-39,34
1790201473.266102,24.200431,39,-12.97,-1.12,-1.53,1,-12,-3,6
1790201473.366106,24.300434,39,-12.96,-1.12,-1.52,-1,-1,1,-3
1790201473.466192,24.400520,39,-12.98,-1.2,-1.52,-8,8,13,-11
1790201473.566113,24.500442,39,-13.17,-1.25,-1.49,-64,49,74,-89
1790201473.666161,24.600486,39,-13.1,-1.08,-1.42,-90,85,82,-80
1790201473.766138,24.700466,39,-13.04,-1.04,-1.46,-61,61,72,-63
1790201473.866167,24.800492,39,-13.05,-1.14,-1.46,-42,44,40,-42
1790201473.966117,24.900445,39,-13.08,-1.31,-1.44,-43,41,41,-43
1790201474.066083,25.000413,39,-13.0,-1.3,-1.56,-51,57,64,-68
1790201474.166195,25.100522,39,-12.93,-1.33,-1.45,-76,60,81,-65
1790201474.266155,25.200481,39,-13.02,-1.32,-1.46,-62,64,63,-63
1790201474.366149,25.300475,39,-13.03,-1.35,-1.59,-45,51,47,-49
1790201474.466259,25.400586,39,-13.09,-1.3,-1.62,-52,46,48,-49
1790201474.566103,25.500431,39,-13.07,-1.17,-1.66,-30,26,29,-30
1790201474.666587,25.600915,39,-13.34,-1.24,-1.63,15,-8,-12,8
1790201474.766089,25.700418,39,-13.46,-1.36,-1.67,18,-21,-9,24
1790201474.866150,25.800476,39,-13.47,-1.32,-1.66,18,-21,-9,24
1790201474.966115,25.900442,39,-13.44,-1.29,-1.66,5,2,-1,3
1790201475.066196,26.000524,39,-13.34,-1.16,-1.58,0,-2,3,1
1790201475.166085,26.100415,39,-13.29,-1.3,-1.54,50,-42,-28,30
1790201475.266254,26.200582,39,-13.29,-1.3,-1.54,89,-74,-71,88
1790201475.366974,26.301305,39,-13.23,-1.38,-1.4,79,-69,-83,85
1790201475.466111,26.400440,39,-13.16,-1.28,-1.48,54,-60,-54,59
1790201475.566269,26.500598,39,-13.19,-1.18,-1.4,48,-37,-30,46
1790201475.666157,26.600484,39,-13.19,-1.18,-1.4,63,-52,-60,48
1790201475.766104,26.700433,39,-13.1,-1.14,-1.49,65,-72,-66,65
1790201475.866094,26.800423,39,-13.13,-1.14,-1.38,58,-64,-69,60
1790201475.966072,26.900402,39,-13.19,-1.05,-1.37,52,-55,-45,47
1790201476.066089,27.000418,39,-13.21,-1.05,-1.47,49,-59,-58,45
1790201476.166057,27.100388,39,-13.16,-1.05,-1.47,54,-50,-57,57
1790201476.266090,27.200418,39,-13.18,-1.11,-1.53,59,-58,-59,61
1790201476.366094,27.300423,39,-13.24,-1.11,-1.46,50,-69,-63,60
1790201476.466250,27.400579,39,-13.17,-1.12,-1.47,55,-55,-60,55
1790201476.566114,27.500442,39,-13.24,-1.14,-1.42,51,-48,-59,54
1790201476.666124,27.600451,39,-13.2,-1.09,-1.49,53,-65,-60,58
1790201476.766106,27.700434,39,-13.19,-1.08,-1.54,68,-54,-62,60
1790201476.866133,27.800461,39,-13.25,-1.03,-1.48,53,-55,-66,63
1790201476.966131,27.900459,39,-13.26,-1.0,-1.43,48,-48,-46,48
1790201477.066119,28.000446,39,-13.31,-1.17,-1.39,8,-20,-6,10
1790201477.166115,28.100443,39,-13.46,-1.15,-1.37,-22,27,23,-21
1790201477.266133,28.200459,39,-13.26,-1.01,-1.41,-15,15,14,-10
1790201477.366117,28.300445,39,-13.29,-1.01,-1.42,-4,3,1,-8
1790201477.466094,28.400423,39,-13.29,-1.01,-1.43,5,-1,0,-1
1790201477.566123,28.500451,39,-13.29,-1.02,-1.43,5,-3,-8,-1
1790201477.666179,28.600505,39,-13.28,-1.02,-1.42,-1,-2,1,2
1790201477.766205,28.700531,39,-13.29,-1.01,-1.42,0,3,-14,3
1790201477.866311,28.800637,39,-13.28,-1.01,-1.42,-3,-5,4,-3
1790201477.967600,28.901926,39,-13.28,-1.01,-1.42,-2,1,2,1
1790201478.068350,29.002675,39,-13.28,-1.01,-1.42,2,-6,1,-2
1790201478.166208,29.100537,39,-13.28,-1.01,-1.42,-3,3,3,-2
1790201478.266144,29.200470,39,-13.28,-1.01,-1.42,-1,1,1,-4
1790201478.366604,29.300934,39,-13.34,-1.01,-1.43,-8,-6,6,13
1790201478.466081,29.400410,39,-13.47,-1.01,-1.56,-65,-64,57,78
1790201478.566071,29.500401,39,-13.2,-1.06,-1.42,-71,-62,86,58
1790201478.666067,29.600397,39,-13.36,-1.11,-1.32,-68,-70,66,54
1790201478.766085,29.700414,39,-13.58,-1.04,-1.38,-61,-56,41,58
1790201478.866139,29.800465,39,-13.53,-1.11,-1.5,-55,-53,58,49
1790201478.967227,29.901556,39,-13.53,-1.2,-1.44,-19,-14,17,10
1790201479.066078,30.000408,39,-13.62,-1.24,-1.42,36,45,-56,-60
